0,app-0,tenant-0
1,app-1,tenant-1
2,app-2,tenant-2
3,app-3,tenant-3
4,app-4,tenant-4
5,app-5,tenant-5
6,app-6,tenant-6
7,app-7,tenant-7
8,app-8,tenant-8
9,app-9,tenant-9
10,app-10,tenant-10
11,app-11,tenant-11
12,app-12,tenant-12
13,app-13,tenant-13
14,app-14,tenant-14
15,app-15,tenant-15
16,app-16,tenant-16
17,app-17,tenant-17
18,app-18,tenant-18
19,app-19,tenant-19
20,app-20,tenant-20
21,app-21,tenant-21
22,app-22,tenant-22
23,app-23,tenant-23
24,app-24,tenant-24
25,app-25,tenant-25
26,app-26,tenant-26
27,app-27,tenant-27
28,app-28,tenant-28
29,app-29,tenant-29
30,app-30,tenant-30
31,app-31,tenant-31
32,app-32,tenant-32
33,app-33,tenant-33
34,app-34,tenant-34
35,app-35,tenant-35
36,app-36,tenant-36
37,app-37,tenant-37
38,app-38,tenant-38
39,app-39,tenant-39
40,app-40,tenant-40
41,app-41,tenant-41
42,app-42,tenant-42
43,app-43,tenant-43
44,app-44,tenant-44
45,app-45,tenant-45
46,app-46,tenant-46
47,app-47,tenant-47
48,app-48,tenant-48
49,app-49,tenant-49
50,app-50,tenant-50
51,app-51,tenant-51
52,app-52,tenant-52
53,app-53,tenant-53
54,app-54,tenant-54
55,app-55,tenant-55
56,app-56,tenant-56
57,app-57,tenant-57
58,app-58,tenant-58
59,app-59,tenant-59
60,app-60,tenant-60
61,app-61,tenant-61
62,app-62,tenant-62
63,app-63,tenant-63
64,app-64,tenant-64
65,app-65,tenant-65
66,app-66,tenant-66
67,app-67,tenant-67
68,app-68,tenant-68
69,app-69,tenant-69
70,app-70,tenant-70
71,app-71,tenant-71
72,app-72,tenant-72
73,app-73,tenant-73
74,app-74,tenant-74
75,app-75,tenant-75
76,app-76,tenant-76
77,app-77,tenant-77
78,app-78,tenant-78
79,app-79,tenant-79
80,app-80,tenant-80
81,app-81,tenant-81
82,app-82,tenant-82
83,app-83,tenant-83
84,app-84,tenant-84
85,app-85,tenant-85
86,app-86,tenant-86
87,app-87,tenant-87
88,app-88,tenant-88
89,app-89,tenant-89
90,app-90,tenant-90
91,app-91,tenant-91
92,app-92,tenant-92
93,app-93,tenant-93
94,app-94,tenant-94
95,app-95,tenant-95
96,app-96,tenant-96
97,app-97,tenant-97
98,app-98,tenant-98
99,app-99,tenant-99
100,app-100,tenant-100
101,app-101,tenant-101
102,app-102,tenant-102
103,app-103,tenant-103
104,app-104,tenant-104
105,app-105,tenant-105
106,app-106,tenant-106
107,app-107,tenant-107
108,app-108,tenant-108
109,app-109,tenant-109
110,app-110,tenant-110
111,app-111,tenant-111
112,app-112,tenant-112
113,app-113,tenant-113
114,app-114,tenant-114
115,app-115,tenant-115
116,app-116,tenant-116
117,app-117,tenant-117
118,app-118,tenant-118
119,app-119,tenant-119
120,app-120,tenant-120
121,app-121,tenant-121
122,app-122,tenant-122
123,app-123,tenant-123
124,app-124,tenant-124
125,app-125,tenant-125
126,app-126,tenant-126
127,app-127,tenant-127
128,app-128,tenant-128
129,app-129,tenant-129
130,app-130,tenant-130
131,app-131,tenant-131
132,app-132,tenant-132
133,app-133,tenant-133
134,app-134,tenant-134
135,app-135,tenant-135
136,app-136,tenant-136
137,app-137,tenant-137
138,app-138,tenant-138
139,app-139,tenant-139
140,app-140,tenant-140
141,app-141,tenant-141
142,app-142,tenant-142
143,app-143,tenant-143
144,app-144,tenant-144
145,app-145,tenant-145
146,app-146,tenant-146
147,app-147,tenant-147
148,app-148,tenant-148
149,app-149,tenant-149
150,app-150,tenant-150
151,app-151,tenant-151
152,app-152,tenant-152
153,app-153,tenant-153
154,app-154,tenant-154
155,app-155,tenant-155
156,app-156,tenant-156
157,app-157,tenant-157
158,app-158,tenant-158
159,app-159,tenant-159
160,app-160,tenant-160
161,app-161,tenant-161
162,app-162,tenant-162
163,app-163,tenant-163
164,app-164,tenant-164
165,app-165,tenant-165
166,app-166,tenant-166
167,app-167,tenant-167
168,app-168,tenant-168
169,app-169,tenant-169
170,app-170,tenant-170
171,app-171,tenant-171
172,app-172,tenant-172
173,app-173,tenant-173
174,app-174,tenant-174
175,app-175,tenant-175
176,app-176,tenant-176
177,app-177,tenant-177
178,app-178,tenant-178
179,app-179,tenant-179
180,app-180,tenant-180
181,app-181,tenant-181
182,app-182,tenant-182
183,app-183,tenant-183
184,app-184,tenant-184
185,app-185,tenant-185
186,app-186,tenant-186
187,app-187,tenant-187
188,app-188,tenant-188
189,app-189,tenant-189
190,app-190,tenant-190
191,app-191,tenant-191
192,app-192,tenant-192
193,app-193,tenant-193
194,app-194,tenant-194
195,app-195,tenant-195
196,app-196,tenant-196
197,app-197,tenant-197
198,app-198,tenant-198
199,app-199,tenant-199
200,app-200,tenant-200
201,app-201,tenant-201
202,app-202,tenant-202
203,app-203,tenant-203
204,app-204,tenant-204
205,app-205,tenant-205
206,app-206,tenant-206
207,app-207,tenant-207
208,app-208,tenant-208
209,app-209,tenant-209
210,app-210,tenant-210
211,app-211,tenant-211
212,app-212,tenant-212
213,app-213,tenant-213
214,app-214,tenant-214
215,app-215,tenant-215
216,app-216,tenant-216
217,app-217,tenant-217
218,app-218,tenant-218
219,app-219,tenant-219
220,app-220,tenant-220
221,app-221,tenant-221
222,app-222,tenant-222
223,app-223,tenant-223
224,app-224,tenant-224
225,app-225,tenant-225
226,app-226,tenant-226
227,app-227,tenant-227
228,app-228,tenant-228
229,app-229,tenant-229
230,app-230,tenant-230
231,app-231,tenant-231
232,app-232,tenant-232
233,app-233,tenant-233
234,app-234,tenant-234
235,app-235,tenant-235
236,app-236,tenant-236
237,app-237,tenant-237
238,app-238,tenant-238
239,app-239,tenant-239
240,app-240,tenant-240
241,app-241,tenant-241
242,app-242,tenant-242
243,app-243,tenant-243
244,app-244,tenant-244
245,app-245,tenant-245
246,app-246,tenant-246
247,app-247,tenant-247
248,app-248,tenant-248
249,app-249,tenant-249
250,app-250,tenant-250
251,app-251,tenant-251
252,app-252,tenant-252
253,app-253,tenant-253
254,app-254,tenant-254
255,app-255,tenant-255
256,app-256,tenant-256
257,app-257,tenant-257
258,app-258,tenant-258
259,app-259,tenant-259
260,app-260,tenant-260
261,app-261,tenant-261
262,app-262,tenant-262
263,app-263,tenant-263
264,app-264,tenant-264
265,app-265,tenant-265
266,app-266,tenant-266
267,app-267,tenant-267
268,app-268,tenant-268
269,app-269,tenant-269
270,app-270,tenant-270
271,app-271,tenant-271
272,app-272,tenant-272
273,app-273,tenant-273
274,app-274,tenant-274
275,app-275,tenant-275
276,app-276,tenant-276
277,app-277,tenant-277
278,app-278,tenant-278
279,app-279,tenant-279
280,app-280,tenant-280
281,app-281,tenant-281
282,app-282,tenant-282
283,app-283,tenant-283
284,app-284,tenant-284
285,app-285,tenant-285
286,app-286,tenant-286
287,app-287,tenant-287
288,app-288,tenant-288
289,app-289,tenant-289
290,app-290,tenant-290
291,app-291,tenant-291
292,app-292,tenant-292
293,app-293,tenant-293
294,app-294,tenant-294
295,app-295,tenant-295
296,app-296,tenant-296
297,app-297,tenant-297
298,app-298,tenant-298
299,app-299,tenant-299
300,app-300,tenant-300
301,app-301,tenant-301
302,app-302,tenant-302
303,app-303,tenant-303
304,app-304,tenant-304
305,app-305,tenant-305
306,app-306,tenant-306
307,app-307,tenant-307
308,app-308,tenant-308
309,app-309,tenant-309
310,app-310,tenant-310
311,app-311,tenant-311
312,app-312,tenant-312
313,app-313,tenant-313
314,app-314,tenant-314
315,app-315,tenant-315
316,app-316,tenant-316
317,app-317,tenant-317
318,app-318,tenant-318
319,app-319,tenant-319
320,app-320,tenant-320
321,app-321,tenant-321
322,app-322,tenant-322
323,app-323,tenant-323
324,app-324,tenant-324
325,app-325,tenant-325
326,app-326,tenant-326
327,app-327,tenant-327
328,app-328,tenant-328
329,app-329,tenant-329
330,app-330,tenant-330
331,app-331,tenant-331
332,app-332,tenant-332
333,app-333,tenant-333
334,app-334,tenant-334
335,app-335,tenant-335
336,app-336,tenant-336
337,app-337,tenant-337
338,app-338,tenant-338
339,app-339,tenant-339
340,app-340,tenant-340
341,app-341,tenant-341
342,app-342,tenant-342
343,app-343,tenant-343
344,app-344,tenant-344
345,app-345,tenant-345
346,app-346,tenant-346
347,app-347,tenant-347
348,app-348,tenant-348
349,app-349,tenant-349
350,app-350,tenant-350
351,app-351,tenant-351
352,app-352,tenant-352
353,app-353,tenant-353
354,app-354,tenant-354
355,app-355,tenant-355
356,app-356,tenant-356
357,app-357,tenant-357
358,app-358,tenant-358
359,app-359,tenant-359
360,app-360,tenant-360
361,app-361,tenant-361
362,app-362,tenant-362
363,app-363,tenant-363
364,app-364,tenant-364
365,app-365,tenant-365
366,app-366,tenant-366
367,app-367,tenant-367
368,app-368,tenant-368
369,app-369,tenant-369
370,app-370,tenant-370
371,app-371,tenant-371
372,app-372,tenant-372
373,app-373,tenant-373
374,app-374,tenant-374
375,app-375,tenant-375
376,app-376,tenant-376
377,app-377,tenant-377
378,app-378,tenant-378
379,app-379,tenant-379
380,app-380,tenant-380
381,app-381,tenant-381
382,app-382,tenant-382
383,app-383,tenant-383
384,app-384,tenant-384
385,app-385,tenant-385
386,app-386,tenant-386
387,app-387,tenant-387
388,app-388,tenant-388
389,app-389,tenant-389
390,app-390,tenant-390
391,app-391,tenant-391
392,app-392,tenant-392
393,app-393,tenant-393
394,app-394,tenant-394
395,app-395,tenant-395
396,app-396,tenant-396
397,app-397,tenant-397
398,app-398,tenant-398
399,app-399,tenant-399
400,app-400,tenant-400
401,app-401,tenant-401
402,app-402,tenant-402
403,app-403,tenant-403
404,app-404,tenant-404
405,app-405,tenant-405
406,app-406,tenant-406
407,app-407,tenant-407
408,app-408,tenant-408
409,app-409,tenant-409
410,app-410,tenant-410
411,app-411,tenant-411
412,app-412,tenant-412
413,app-413,tenant-413
414,app-414,tenant-414
415,app-415,tenant-415
416,app-416,tenant-416
417,app-417,tenant-417
418,app-418,tenant-418
419,app-419,tenant-419
420,app-420,tenant-420
421,app-421,tenant-421
422,app-422,tenant-422
423,app-423,tenant-423
424,app-424,tenant-424
425,app-425,tenant-425
426,app-426,tenant-426
427,app-427,tenant-427
428,app-428,tenant-428
429,app-429,tenant-429
430,app-430,tenant-430
431,app-431,tenant-431
432,app-432,tenant-432
433,app-433,tenant-433
434,app-434,tenant-434
435,app-435,tenant-435
436,app-436,tenant-436
437,app-437,tenant-437
438,app-438,tenant-438
439,app-439,tenant-439
440,app-440,tenant-440
441,app-441,tenant-441
442,app-442,tenant-442
443,app-443,tenant-443
444,app-444,tenant-444
445,app-445,tenant-445
446,app-446,tenant-446
447,app-447,tenant-447
448,app-448,tenant-448
449,app-449,tenant-449
450,app-450,tenant-450
451,app-451,tenant-451
452,app-452,tenant-452
453,app-453,tenant-453
454,app-454,tenant-454
455,app-455,tenant-455
456,app-456,tenant-456
457,app-457,tenant-457
458,app-458,tenant-458
459,app-459,tenant-459
460,app-460,tenant-460
461,app-461,tenant-461
462,app-462,tenant-462
463,app-463,tenant-463
464,app-464,tenant-464
465,app-465,tenant-465
466,app-466,tenant-466
467,app-467,tenant-467
468,app-468,tenant-468
469,app-469,tenant-469
470,app-470,tenant-470
471,app-471,tenant-471
472,app-472,tenant-472
473,app-473,tenant-473
474,app-474,tenant-474
475,app-475,tenant-475
476,app-476,tenant-476
477,app-477,tenant-477
478,app-478,tenant-478
479,app-479,tenant-479
480,app-480,tenant-480
481,app-481,tenant-481
482,app-482,tenant-482
483,app-483,tenant-483
484,app-484,tenant-484
485,app-485,tenant-485
486,app-486,tenant-486
487,app-487,tenant-487
488,app-488,tenant-488
489,app-489,tenant-489
490,app-490,tenant-490
491,app-491,tenant-491
492,app-492,tenant-492
493,app-493,tenant-493
494,app-494,tenant-494
495,app-495,tenant-495
496,app-496,tenant-496
497,app-497,tenant-497
498,app-498,tenant-498
499,app-499,tenant-499
500,app-500,tenant-500
501,app-501,tenant-501
502,app-502,tenant-502
503,app-503,tenant-503
504,app-504,tenant-504
505,app-505,tenant-505
506,app-506,tenant-506
507,app-507,tenant-507
508,app-508,tenant-508
509,app-509,tenant-509
510,app-510,tenant-510
511,app-511,tenant-511
512,app-512,tenant-512
513,app-513,tenant-513
514,app-514,tenant-514
515,app-515,tenant-515
516,app-516,tenant-516
517,app-517,tenant-517
518,app-518,tenant-518
519,app-519,tenant-519
520,app-520,tenant-520
521,app-521,tenant-521
522,app-522,tenant-522
523,app-523,tenant-523
524,app-524,tenant-524
525,app-525,tenant-525
526,app-526,tenant-526
527,app-527,tenant-527
528,app-528,tenant-528
529,app-529,tenant-529
530,app-530,tenant-530
531,app-531,tenant-531
532,app-532,tenant-532
533,app-533,tenant-533
534,app-534,tenant-534
535,app-535,tenant-535
536,app-536,tenant-536
537,app-537,tenant-537
538,app-538,tenant-538
539,app-539,tenant-539
540,app-540,tenant-540
541,app-541,tenant-541
542,app-542,tenant-542
543,app-543,tenant-543
544,app-544,tenant-544
545,app-545,tenant-545
546,app-546,tenant-546
547,app-547,tenant-547
548,app-548,tenant-548
549,app-549,tenant-549
550,app-550,tenant-550
551,app-551,tenant-551
552,app-552,tenant-552
553,app-553,tenant-553
554,app-554,tenant-554
555,app-555,tenant-555
556,app-556,tenant-556
557,app-557,tenant-557
558,app-558,tenant-558
559,app-559,tenant-559
560,app-560,tenant-560
561,app-561,tenant-561
562,app-562,tenant-562
563,app-563,tenant-563
564,app-564,tenant-564
565,app-565,tenant-565
566,app-566,tenant-566
567,app-567,tenant-567
568,app-568,tenant-568
569,app-569,tenant-569
570,app-570,tenant-570
571,app-571,tenant-571
572,app-572,tenant-572
573,app-573,tenant-573
574,app-574,tenant-574
575,app-575,tenant-575
576,app-576,tenant-576
577,app-577,tenant-577
578,app-578,tenant-578
579,app-579,tenant-579
580,app-580,tenant-580
581,app-581,tenant-581
582,app-582,tenant-582
583,app-583,tenant-583
584,app-584,tenant-584
585,app-585,tenant-585
586,app-586,tenant-586
587,app-587,tenant-587
588,app-588,tenant-588
589,app-589,tenant-589
590,app-590,tenant-590
591,app-591,tenant-591
592,app-592,tenant-592
593,app-593,tenant-593
594,app-594,tenant-594
595,app-595,tenant-595
596,app-596,tenant-596
597,app-597,tenant-597
598,app-598,tenant-598
599,app-599,tenant-599
600,app-600,tenant-600
601,app-601,tenant-601
602,app-602,tenant-602
603,app-603,tenant-603
604,app-604,tenant-604
605,app-605,tenant-605
606,app-606,tenant-606
607,app-607,tenant-607
608,app-608,tenant-608
609,app-609,tenant-609
610,app-610,tenant-610
611,app-611,tenant-611
612,app-612,tenant-612
613,app-613,tenant-613
614,app-614,tenant-614
615,app-615,tenant-615
616,app-616,tenant-616
617,app-617,tenant-617
618,app-618,tenant-618
619,app-619,tenant-619
620,app-620,tenant-620
621,app-621,tenant-621
622,app-622,tenant-622
623,app-623,tenant-623
624,app-624,tenant-624
625,app-625,tenant-625
626,app-626,tenant-626
627,app-627,tenant-627
628,app-628,tenant-628
629,app-629,tenant-629
630,app-630,tenant-630
631,app-631,tenant-631
632,app-632,tenant-632
633,app-633,tenant-633
634,app-634,tenant-634
635,app-635,tenant-635
636,app-636,tenant-636
637,app-637,tenant-637
638,app-638,tenant-638
639,app-639,tenant-639
640,app-640,tenant-640
641,app-641,tenant-641
642,app-642,tenant-642
643,app-643,tenant-643
644,app-644,tenant-644
645,app-645,tenant-645
646,app-646,tenant-646
647,app-647,tenant-647
648,app-648,tenant-648
649,app-649,tenant-649
650,app-650,tenant-650
651,app-651,tenant-651
652,app-652,tenant-652
653,app-653,tenant-653
654,app-654,tenant-654
655,app-655,tenant-655
656,app-656,tenant-656
657,app-657,tenant-657
658,app-658,tenant-658
659,app-659,tenant-659
660,app-660,tenant-660
661,app-661,tenant-661
662,app-662,tenant-662
663,app-663,tenant-663
664,app-664,tenant-664
665,app-665,tenant-665
666,app-666,tenant-666
667,app-667,tenant-667
668,app-668,tenant-668
669,app-669,tenant-669
670,app-670,tenant-670
671,app-671,tenant-671
672,app-672,tenant-672
673,app-673,tenant-673
674,app-674,tenant-674
675,app-675,tenant-675
676,app-676,tenant-676
677,app-677,tenant-677
678,app-678,tenant-678
679,app-679,tenant-679
680,app-680,tenant-680
681,app-681,tenant-681
682,app-682,tenant-682
683,app-683,tenant-683
684,app-684,tenant-684
685,app-685,tenant-685
686,app-686,tenant-686
687,app-687,tenant-687
688,app-688,tenant-688
689,app-689,tenant-689
690,app-690,tenant-690
691,app-691,tenant-691
692,app-692,tenant-692
693,app-693,tenant-693
694,app-694,tenant-694
695,app-695,tenant-695
696,app-696,tenant-696
697,app-697,tenant-697
698,app-698,tenant-698
699,app-699,tenant-699
700,app-700,tenant-700
701,app-701,tenant-701
702,app-702,tenant-702
703,app-703,tenant-703
704,app-704,tenant-704
705,app-705,tenant-705
706,app-706,tenant-706
707,app-707,tenant-707
708,app-708,tenant-708
709,app-709,tenant-709
710,app-710,tenant-710
711,app-711,tenant-711
712,app-712,tenant-712
713,app-713,tenant-713
714,app-714,tenant-714
715,app-715,tenant-715
716,app-716,tenant-716
717,app-717,tenant-717
718,app-718,tenant-718
719,app-719,tenant-719
720,app-720,tenant-720
721,app-721,tenant-721
722,app-722,tenant-722
723,app-723,tenant-723
724,app-724,tenant-724
725,app-725,tenant-725
726,app-726,tenant-726
727,app-727,tenant-727
728,app-728,tenant-728
729,app-729,tenant-729
730,app-730,tenant-730
731,app-731,tenant-731
732,app-732,tenant-732
733,app-733,tenant-733
734,app-734,tenant-734
735,app-735,tenant-735
736,app-736,tenant-736
737,app-737,tenant-737
738,app-738,tenant-738
739,app-739,tenant-739
740,app-740,tenant-740
741,app-741,tenant-741
742,app-742,tenant-742
743,app-743,tenant-743
744,app-744,tenant-744
745,app-745,tenant-745
746,app-746,tenant-746
747,app-747,tenant-747
748,app-748,tenant-748
749,app-749,tenant-749
750,app-750,tenant-750
751,app-751,tenant-751
752,app-752,tenant-752
753,app-753,tenant-753
754,app-754,tenant-754
755,app-755,tenant-755
756,app-756,tenant-756
757,app-757,tenant-757
758,app-758,tenant-758
759,app-759,tenant-759
760,app-760,tenant-760
761,app-761,tenant-761
762,app-762,tenant-762
763,app-763,tenant-763
764,app-764,tenant-764
765,app-765,tenant-765
766,app-766,tenant-766
767,app-767,tenant-767
768,app-768,tenant-768
769,app-769,tenant-769
770,app-770,tenant-770
771,app-771,tenant-771
772,app-772,tenant-772
773,app-773,tenant-773
774,app-774,tenant-774
775,app-775,tenant-775
776,app-776,tenant-776
777,app-777,tenant-777
778,app-778,tenant-778
779,app-779,tenant-779
780,app-780,tenant-780
781,app-781,tenant-781
782,app-782,tenant-782
783,app-783,tenant-783
784,app-784,tenant-784
785,app-785,tenant-785
786,app-786,tenant-786
787,app-787,tenant-787
788,app-788,tenant-788
789,app-789,tenant-789
790,app-790,tenant-790
791,app-791,tenant-791
792,app-792,tenant-792
793,app-793,tenant-793
794,app-794,tenant-794
795,app-795,tenant-795
796,app-796,tenant-796
797,app-797,tenant-797
798,app-798,tenant-798
799,app-799,tenant-799
800,app-800,tenant-800
801,app-801,tenant-801
802,app-802,tenant-802
803,app-803,tenant-803
804,app-804,tenant-804
805,app-805,tenant-805
806,app-806,tenant-806
807,app-807,tenant-807
808,app-808,tenant-808
809,app-809,tenant-809
810,app-810,tenant-810
811,app-811,tenant-811
812,app-812,tenant-812
813,app-813,tenant-813
814,app-814,tenant-814
815,app-815,tenant-815
816,app-816,tenant-816
817,app-817,tenant-817
818,app-818,tenant-818
819,app-819,tenant-819
820,app-820,tenant-820
821,app-821,tenant-821
822,app-822,tenant-822
823,app-823,tenant-823
824,app-824,tenant-824
825,app-825,tenant-825
826,app-826,tenant-826
827,app-827,tenant-827
828,app-828,tenant-828
829,app-829,tenant-829
830,app-830,tenant-830
831,app-831,tenant-831
832,app-832,tenant-832
833,app-833,tenant-833
834,app-834,tenant-834
835,app-835,tenant-835
836,app-836,tenant-836
837,app-837,tenant-837
838,app-838,tenant-838
839,app-839,tenant-839
840,app-840,tenant-840
841,app-841,tenant-841
842,app-842,tenant-842
843,app-843,tenant-843
844,app-844,tenant-844
845,app-845,tenant-845
846,app-846,tenant-846
847,app-847,tenant-847
848,app-848,tenant-848
849,app-849,tenant-849
850,app-850,tenant-850
851,app-851,tenant-851
852,app-852,tenant-852
853,app-853,tenant-853
854,app-854,tenant-854
855,app-855,tenant-855
856,app-856,tenant-856
857,app-857,tenant-857
858,app-858,tenant-858
859,app-859,tenant-859
860,app-860,tenant-860
861,app-861,tenant-861
862,app-862,tenant-862
863,app-863,tenant-863
864,app-864,tenant-864
865,app-865,tenant-865
866,app-866,tenant-866
867,app-867,tenant-867
868,app-868,tenant-868
869,app-869,tenant-869
870,app-870,tenant-870
871,app-871,tenant-871
872,app-872,tenant-872
873,app-873,tenant-873
874,app-874,tenant-874
875,app-875,tenant-875
876,app-876,tenant-876
877,app-877,tenant-877
878,app-878,tenant-878
879,app-879,tenant-879
880,app-880,tenant-880
881,app-881,tenant-881
882,app-882,tenant-882
883,app-883,tenant-883
884,app-884,tenant-884
885,app-885,tenant-885
886,app-886,tenant-886
887,app-887,tenant-887
888,app-888,tenant-888
889,app-889,tenant-889
890,app-890,tenant-890
891,app-891,tenant-891
892,app-892,tenant-892
893,app-893,tenant-893
894,app-894,tenant-894
895,app-895,tenant-895
896,app-896,tenant-896
897,app-897,tenant-897
898,app-898,tenant-898
899,app-899,tenant-899
900,app-900,tenant-900
901,app-901,tenant-901
902,app-902,tenant-902
903,app-903,tenant-903
904,app-904,tenant-904
905,app-905,tenant-905
906,app-906,tenant-906
907,app-907,tenant-907
908,app-908,tenant-908
909,app-909,tenant-909
910,app-910,tenant-910
911,app-911,tenant-911
912,app-912,tenant-912
913,app-913,tenant-913
914,app-914,tenant-914
915,app-915,tenant-915
916,app-916,tenant-916
917,app-917,tenant-917
918,app-918,tenant-918
919,app-919,tenant-919
920,app-920,tenant-920
921,app-921,tenant-921
922,app-922,tenant-922
923,app-923,tenant-923
924,app-924,tenant-924
925,app-925,tenant-925
926,app-926,tenant-926
927,app-927,tenant-927
928,app-928,tenant-928
929,app-929,tenant-929
930,app-930,tenant-930
931,app-931,tenant-931
932,app-932,tenant-932
933,app-933,tenant-933
934,app-934,tenant-934
935,app-935,tenant-935
936,app-936,tenant-936
937,app-937,tenant-937
938,app-938,tenant-938
939,app-939,tenant-939
940,app-940,tenant-940
941,app-941,tenant-941
942,app-942,tenant-942
943,app-943,tenant-943
944,app-944,tenant-944
945,app-945,tenant-945
946,app-946,tenant-946
947,app-947,tenant-947
948,app-948,tenant-948
949,app-949,tenant-949
950,app-950,tenant-950
951,app-951,tenant-951
952,app-952,tenant-952
953,app-953,tenant-953
954,app-954,tenant-954
955,app-955,tenant-955
956,app-956,tenant-956
957,app-957,tenant-957
958,app-958,tenant-958
959,app-959,tenant-959
960,app-960,tenant-960
961,app-961,tenant-961
962,app-962,tenant-962
963,app-963,tenant-963
964,app-964,tenant-964
965,app-965,tenant-965
966,app-966,tenant-966
967,app-967,tenant-967
968,app-968,tenant-968
969,app-969,tenant-969
970,app-970,tenant-970
971,app-971,tenant-971
972,app-972,tenant-972
973,app-973,tenant-973
974,app-974,tenant-974
975,app-975,tenant-975
976,app-976,tenant-976
977,app-977,tenant-977
978,app-978,tenant-978
979,app-979,tenant-979
980,app-980,tenant-980
981,app-981,tenant-981
982,app-982,tenant-982
983,app-983,tenant-983
984,app-984,tenant-984
985,app-985,tenant-985
986,app-986,tenant-986
987,app-987,tenant-987
988,app-988,tenant-988
989,app-989,tenant-989
990,app-990,tenant-990
991,app-991,tenant-991
992,app-992,tenant-992
993,app-993,tenant-993
994,app-994,tenant-994
995,app-995,tenant-995
996,app-996,tenant-996
997,app-997,tenant-997
998,app-998,tenant-998
999,app-999,tenant-999
